业务对象	属性	属性来源页面	属性值 / 枚举
合同	合同状态	P4-我的-08-我的合同	
会员卡	初始次数	P4-我的-04-会员卡-次数卡	
会员卡	当前剩余次数	P4-我的-04-会员卡-次数卡	
会员卡	卡号	P4-我的-04-会员卡-次数卡	2025091900167
会员卡	卡片类型	P4-我的-04-会员卡-次数卡	次数卡；年卡
会员卡	卡片名称	P4-我的-04-会员卡-次数卡	私教次卡；普拉提次卡
会员卡	卡片状态	P4-我的-04-会员卡-次数卡	未开卡；过期
会员卡	有效期	P4-我的-04-会员卡-次数卡	
会员权益	会员有效期	P4-我的-03-会员权益(1) | P4-我的-03-会员权益(2) | P4-我的-03-会员权益(2)(2)	
会员权益	权益版本	P4-我的-03-会员权益(1) | P4-我的-03-会员权益(2) | P4-我的-03-会员权益(2)(2)	20260730
会员权益	权益等级	P4-我的-03-会员权益(1) | P4-我的-03-会员权益(2) | P4-我的-03-会员权益(2)(2)	V1；V2
会员权益	权益名称	P4-我的-03-会员权益(1) | P4-我的-03-会员权益(2) | P4-我的-03-会员权益(2)(2)	忻会员；银会员；金会员
活动	活动地点	P1-首页-04-活动列表	
活动	活动名称	P1-首页-04-活动列表	
活动	活动时间	P1-首页-04-活动列表	
积分	积分值	P4-我的-07-积分	
积分流水	积分值	P4-我的-07-积分	
积分流水	时间	P4-我的-07-积分	
教练	教练简介	P1-首页-05-课程预约(1) | P1-首页-05-课程预约(2)	
教练	教练名称	P1-首页(2)	
教练	教练头像	P1-首页-05-课程预约(1) | P1-首页-05-课程预约(2)	
教练	教练相册	P1-首页-06-约教练	
教练	介绍	P1-首页(2)	
课程	教练名称	P1-首页(1)	
课程	教室地点	P1-首页-06-约教练	
课程	开课时间	P1-首页(1)	
课程	课程封面	P1-首页(2)	
课程	课程介绍	P1-首页-05-课程预约(1) | P1-首页-05-课程预约(2)	
课程	课程类型	P1-首页(2)	团课；精品课；私教课；特色课
课程	课程名称	P1-首页(1)	
课程	课程难度	P1-首页(2)	1星；2星
课程	课程时长	P1-首页-05-课程预约(1) | P1-首页-05-课程预约(2)	
课程	课程状态	P2-约课-02-精品课	排队；已取消
课程	排队须知	P1-首页-05-课程预约(1) | P1-首页-05-课程预约(2)	
课程	日期	P1-首页-05-课程预约(1) | P1-首页-05-课程预约(2)	
课程	上课地点	P1-首页-05-课程预约(1) | P1-首页-05-课程预约(2)	
课程	剩余席位	P1-首页-06-约教练	
课程	时间	P1-首页-05-课程预约(1) | P1-首页-05-课程预约(2)	
课程	授课地点	P1-首页(1)	
课程	授课时间	P1-首页-06-约教练	
课程	授课时长	P1-首页(1)	
课程	已约人数	P1-首页(1)	
课程	预约须知	P1-首页-05-课程预约(1) | P1-首页-05-课程预约(2)	
课程	总人数	P1-首页(1)	
礼包	参考价值	P4-我的-03-会员权益(3)-礼包详情	
礼包	礼包介绍	P4-我的-03-会员权益(1) | P4-我的-03-会员权益(2) | P4-我的-03-会员权益(2)(2)	
礼包	礼包类型	P4-我的-03-会员权益(3)-礼包详情	实物奖励
礼包	礼包名称	P4-我的-03-会员权益(1) | P4-我的-03-会员权益(2) | P4-我的-03-会员权益(2)(2)	
礼包	礼包内容	P4-我的-03-会员权益(1) | P4-我的-03-会员权益(2) | P4-我的-03-会员权益(2)(2)	400
礼包	礼包状态	P4-我的-06-我的礼包	可使用；已使用；已过期
门店	地址	P1-首页-01-切换门店	
门店	电话	P1-首页-01-切换门店	
门店	经营类型	P1-首页-01-切换门店	直营连锁；加盟
门店	门店地址	P1-首页(1)	
门店	门店类型	P1-首页-01-切换门店	主力店；精品店
门店	门店名称	P1-首页(1)	
门店	所在区域	P1-首页-01-切换门店	
门店	营业时间	P1-首页-01-切换门店	
权益配置	权益名称	P4-我的-03-会员权益(1) | P4-我的-03-会员权益(2) | P4-我的-03-会员权益(2)(2)	
权益配置	权益数量	P4-我的-03-会员权益(1) | P4-我的-03-会员权益(2) | P4-我的-03-会员权益(2)(2)	
权益项	权益类型	P4-我的-03-会员权益(1) | P4-我的-03-会员权益(2) | P4-我的-03-会员权益(2)(2)	礼包；优惠券；折扣
权益项	权益名称	P4-我的-03-会员权益(1) | P4-我的-03-会员权益(2) | P4-我的-03-会员权益(2)(2)	
申请表单	留言	P1-首页-02-体验课	
申请表单	门店名称	P1-首页-02-体验课	
申请表单	手机号	P1-首页-02-体验课	
申请表单	姓名	P1-首页-02-体验课	
申请单	审核状态	P4-我的-10-我的体验课	
用户	会员等级	P4-我的	
用户	手机号	P4-我的	
用户	用户角色	P4-我的-02-设置	
用户	用户名	P4-我的-02-设置	
用户	用户昵称	P4-我的	
用户	用户头像	P4-我的	
优惠券	权益版本	P4-我的-03-会员权益(3)-优惠券详情	
优惠券	适用条件	P4-我的-03-会员权益(1) | P4-我的-03-会员权益(2) | P4-我的-03-会员权益(2)(2)	满1000元可用
优惠券	优惠金额	P4-我的-03-会员权益(1) | P4-我的-03-会员权益(2) | P4-我的-03-会员权益(2)(2)	20
优惠券	优惠内容	P4-我的-03-会员权益(3)-优惠券详情	
优惠券	优惠券名称	P4-我的-03-会员权益(1) | P4-我的-03-会员权益(2) | P4-我的-03-会员权益(2)(2)	满1000减20券
优惠券	优惠券状态	P4-我的-05-优惠券	可使用；已过期；已使用
优惠券	有效期	P4-我的-03-会员权益(3)-优惠券详情	
预约	卡类型	P4-我的-09-我的预约课	会员卡；体验卡
预约	预约状态	P4-我的-09-我的预约课	已预约；已取消；已签到
预约申请	卡种	P3-在约	
预约申请	课种	P3-在约	
预约申请	预约状态	P3-在约	
折扣	折扣值	P4-我的-03-会员权益(1) | P4-我的-03-会员权益(2) | P4-我的-03-会员权益(2)(2)	